City ID,City,Country,Date,Lat,Lng,Max Temp,Humidity,Cloudiness,Wind Speed
0,Nemuro,JP,2021-04-04 17:51:49,43.3236,145.575,32.32,85,100,17.07
1,Eston,CA,2021-04-04 17:55:34,51.1501,-108.7514,57.99,37,90,16.11
2,Geraldton,AU,2021-04-04 17:55:35,-28.7667,114.6,73.4,83,75,12.66
3,Provideniya,RU,2021-04-04 17:55:35,64.3833,-173.3,-4.58,86,26,6.71
4,Kieta,PG,2021-04-04 17:55:35,-6.2167,155.6333,77.81,84,96,4.52
5,Mar Del Plata,AR,2021-04-04 17:55:36,-38.0023,-57.5575,77.0,83,40,12.66
6,Jamestown,US,2021-04-04 17:54:49,42.097,-79.2353,55.99,35,1,6.91
7,Dikson,RU,2021-04-04 17:55:36,73.5069,80.5464,7.99,94,100,8.48
8,Tarko-Sale,RU,2021-04-04 17:55:37,64.9225,77.785,32.77,91,100,15.05
9,Mahebourg,MU,2021-04-04 17:55:37,-20.4081,57.7,81.0,75,11,5.99
10,Khatanga,RU,2021-04-04 17:55:37,71.9667,102.5,-15.56,90,10,6.51
11,Vaini,TO,2021-04-04 17:55:38,-21.2,-175.2,71.6,88,75,5.75
12,Atuona,PF,2021-04-04 17:55:38,-9.8,-139.0333,80.4,81,59,11.63
13,Cherskiy,RU,2021-04-04 17:55:38,68.75,161.3,-15.99,100,96,3.27
14,Grand Gaube,MU,2021-04-04 17:55:39,-20.0064,57.6608,81.0,75,6,5.99
15,Yar-Sale,RU,2021-04-04 17:55:39,66.8333,70.8333,30.49,98,100,9.53
16,Maniitsoq,GL,2021-04-04 17:55:40,65.4167,-52.9,32.2,97,100,33.2
17,Vanimo,PG,2021-04-04 17:55:40,-2.6741,141.3028,77.76,88,94,1.81
18,Egvekinot,RU,2021-04-04 17:55:40,66.3167,-179.1667,-12.59,81,98,4.74
19,Avarua,CK,2021-04-04 17:55:41,-21.2078,-159.775,80.6,83,75,11.5
20,Leningradskiy,RU,2021-04-04 17:55:41,69.3833,178.4167,-2.36,95,100,6.17
21,Tekirdag,TR,2021-04-04 17:55:41,40.978,27.5085,44.6,100,75,17.27
22,Salalah,OM,2021-04-04 17:55:42,17.0151,54.0924,82.4,83,0,4.61
23,Rikitea,PF,2021-04-04 17:55:42,-23.1203,-134.9692,76.62,70,29,15.84
24,Saint George,US,2021-04-04 17:55:42,37.1041,-113.5841,75.99,19,1,1.19
25,Qaanaaq,GL,2021-04-04 17:55:43,77.484,-69.3632,-12.39,68,18,6.98
26,Cidreira,BR,2021-04-04 17:55:43,-30.1811,-50.2056,75.25,69,5,15.17
27,Faanui,PF,2021-04-04 17:55:43,-16.4833,-151.75,81.37,76,25,9.98
28,Muravlenko,RU,2021-04-04 17:55:44,63.7898,74.523,32.47,97,100,13.67
29,Sari,IR,2021-04-04 17:55:44,36.5633,53.0601,57.2,72,0,2.3
30,Castro,BR,2021-04-04 17:52:26,-24.7911,-50.0119,73.27,52,52,5.82
31,Cape Town,ZA,2021-04-04 17:51:27,-33.9258,18.4232,70.0,83,20,16.11
32,Petropavlovsk-Kamchatskiy,RU,2021-04-04 17:55:45,53.0452,158.6483,28.4,86,75,2.24
33,Poso,ID,2021-04-04 17:55:45,-1.3959,120.7524,82.0,80,97,3.96
34,Hermanus,ZA,2021-04-04 17:55:28,-34.4187,19.2345,68.0,87,85,13.02
35,Bredasdorp,ZA,2021-04-04 17:55:46,-34.5322,20.0403,66.2,82,89,8.05
36,Mataura,NZ,2021-04-04 17:55:46,-46.1927,168.8643,55.99,79,51,8.99
37,Lebu,CL,2021-04-04 17:55:46,-37.6167,-73.65,61.86,63,0,10.09
38,Bethel,US,2021-04-04 17:55:47,41.3712,-73.414,57.0,24,1,3.44
39,Arlit,NE,2021-04-04 17:55:47,18.7369,7.3853,84.65,6,0,6.46
40,Sao Filipe,CV,2021-04-04 17:55:48,14.8961,-24.4956,75.47,69,42,5.95
41,Punta Arenas,CL,2021-04-04 17:55:48,-53.15,-70.9167,48.2,53,0,17.27
42,Kiunga,PG,2021-04-04 17:55:48,-6.1219,141.2906,71.35,93,89,2.06
43,Butaritari,KI,2021-04-04 17:55:49,3.0707,172.7902,81.28,79,50,10.07
44,Kokopo,PG,2021-04-04 17:55:49,-4.352,152.2633,76.66,84,100,5.35
45,Nanortalik,GL,2021-04-04 17:55:49,60.1432,-45.2371,37.42,79,92,10.96
46,Kaitangata,NZ,2021-04-04 17:55:50,-46.2817,169.8464,61.0,50,32,11.01
47,Tuktoyaktuk,CA,2021-04-04 17:55:50,69.4541,-133.0374,-13.0,77,20,14.97
48,Nanakuli,US,2021-04-04 17:55:50,21.3906,-158.1547,69.8,73,40,4.61
49,Yanam,IN,2021-04-04 17:55:51,16.7333,82.2167,77.54,95,78,3.74
50,Ilulissat,GL,2021-04-04 17:55:51,69.2167,-51.1,19.4,53,40,9.22
51,Albany,US,2021-04-04 17:55:03,42.6001,-73.9662,55.99,24,36,1.01
52,Upata,VE,2021-04-04 17:55:52,8.0086,-62.3989,79.57,73,99,10.11
53,Dingle,PH,2021-04-04 17:55:52,10.9995,122.6711,75.15,88,67,7.29
54,Piacabucu,BR,2021-04-04 17:55:53,-10.4056,-36.4344,84.72,64,44,9.89
55,East London,ZA,2021-04-04 17:55:53,-33.0153,27.9116,64.4,77,0,4.61
56,Coquimbo,CL,2021-04-04 17:54:49,-29.9533,-71.3436,62.6,77,90,8.05
57,Ancud,CL,2021-04-04 17:55:53,-41.8697,-73.8203,70.0,59,0,8.05
58,Coahuayana,MX,2021-04-04 17:55:54,18.7333,-103.6833,82.4,36,40,7.4
59,Nova Olinda Do Norte,BR,2021-04-04 17:55:54,-3.8881,-59.0942,93.13,43,99,5.17
60,Bluff,NZ,2021-04-04 17:55:54,-46.6,168.3333,55.99,79,80,8.99
61,Amapa,BR,2021-04-04 17:55:55,1.0,-52.0,79.93,92,94,4.29
62,Puerto Ayora,EC,2021-04-04 17:55:55,-0.7393,-90.3518,82.4,74,20,11.5
63,Shu,KZ,2021-04-04 17:55:56,43.5983,73.7614,53.01,35,100,5.01
64,Longyearbyen,SJ,2021-04-04 17:55:56,78.2186,15.6401,24.8,68,75,27.63
65,Nadym,RU,2021-04-04 17:54:27,65.5333,72.5167,33.28,93,100,12.19
66,Muros,ES,2021-04-04 17:55:56,42.7762,-9.0603,69.01,44,4,1.52
67,Dicabisagan,PH,2021-04-04 17:55:57,17.0818,122.4157,77.47,82,59,7.31
68,Samur,RU,2021-04-04 17:55:57,41.8253,48.486,49.37,70,0,7.18
69,Iqaluit,CA,2021-04-04 17:55:58,63.7506,-68.5145,8.6,78,20,3.44
70,Barrow,US,2021-04-04 17:52:24,71.2906,-156.7887,-9.4,70,1,12.66
71,Carnarvon,AU,2021-04-04 17:55:59,-24.8667,113.6333,77.0,78,30,17.27
72,Ushuaia,AR,2021-04-04 17:55:59,-54.8,-68.3,48.2,53,20,2.3
73,Russell,US,2021-04-04 17:53:20,32.3502,-85.1999,69.01,28,1,3.44
74,Klaksvik,FO,2021-04-04 17:56:00,62.2266,-6.589,23.0,68,75,40.29
75,Zharkent,KZ,2021-04-04 17:56:00,44.1628,80.0,50.11,34,60,6.49
76,Chernyshevskiy,RU,2021-04-04 17:56:00,63.0128,112.4714,-22.83,100,68,4.12
77,Onalaska,US,2021-04-04 17:56:01,43.8844,-91.2351,72.0,32,1,9.22
78,Alekseyevsk,RU,2021-04-04 17:56:01,57.8406,108.3492,15.42,91,99,5.77
79,Aklavik,CA,2021-04-04 17:56:01,68.2191,-135.0107,-5.8,77,75,10.36
80,Airai,TL,2021-04-04 17:56:02,-8.9266,125.4092,60.49,93,100,4.92
81,Haimen,CN,2021-04-04 17:56:02,23.1935,116.6142,68.0,77,90,6.71
82,Busselton,AU,2021-04-04 17:56:03,-33.65,115.3333,63.0,91,0,5.57
83,Thompson,CA,2021-04-04 17:56:03,55.7435,-97.8558,32.0,40,40,2.3
84,Lagoa,PT,2021-04-04 17:56:04,39.05,-27.9833,60.13,81,100,17.16
85,Kavaratti,IN,2021-04-04 17:51:51,10.5669,72.642,82.65,69,63,12.73
86,Chuy,UY,2021-04-04 17:56:04,-33.6971,-53.4616,74.57,69,22,11.83
87,Kavieng,PG,2021-04-04 17:56:05,-2.5744,150.7967,77.88,86,100,5.59
88,Enumclaw,US,2021-04-04 17:56:05,47.2043,-121.9915,46.0,83,100,3.22
89,Middelburg,ZA,2021-04-04 17:56:05,-25.7751,29.4648,65.73,49,12,6.04
90,Kangaatsiaq,GL,2021-04-04 17:56:06,68.3065,-53.4641,19.6,56,100,18.72
91,Yellowknife,CA,2021-04-04 17:56:06,62.456,-114.3525,18.0,57,20,8.05
92,Kapaa,US,2021-04-04 17:56:07,22.0752,-159.319,73.4,68,90,19.57
93,Pavlivka,UA,2021-04-04 17:56:07,49.4414,28.4596,39.2,65,69,4.47
94,Souillac,MU,2021-04-04 17:56:07,-20.5167,57.5167,81.0,75,4,5.99
95,Mkuranga,TZ,2021-04-04 17:55:07,-7.118,39.2078,80.6,83,20,8.05
96,Esperance,AU,2021-04-04 17:56:08,-33.8667,121.9,62.6,88,20,13.8
97,Kinablangan,PH,2021-04-04 17:56:08,7.6947,126.5503,78.1,83,99,6.11
98,Nikolskoye,RU,2021-04-04 17:56:09,59.7035,30.7861,42.01,70,75,8.95
99,Talnakh,RU,2021-04-04 17:56:09,69.4865,88.3972,7.65,79,99,11.27
100,Krasnovishersk,RU,2021-04-04 17:56:10,60.4078,57.082,28.78,98,100,3.76
101,Torrington,US,2021-04-04 17:56:10,41.8007,-73.1212,55.99,38,63,5.01
102,Qaqortoq,GL,2021-04-04 17:56:10,60.7167,-46.0333,39.2,87,90,9.22
103,Ridgecrest,US,2021-04-04 17:56:11,35.6225,-117.6709,78.01,8,1,5.75
104,Kodiak,US,2021-04-04 17:52:34,57.79,-152.4072,33.8,80,20,3.44
105,Ponta Delgada,PT,2021-04-04 17:56:11,37.7333,-25.6667,60.8,94,40,13.8
106,Hasaki,JP,2021-04-04 17:56:12,35.7333,140.8333,64.4,94,75,6.91
107,Sawakin,SD,2021-04-04 17:56:12,19.1059,37.3321,76.19,61,41,8.86
108,Tasiilaq,GL,2021-04-04 17:56:13,65.6145,-37.6368,23.0,63,90,8.05
109,Maridi,SS,2021-04-04 17:56:13,4.9158,29.4742,81.05,46,81,5.32
110,Batemans Bay,AU,2021-04-04 17:56:13,-35.7167,150.1833,66.99,90,27,1.99
111,Berlevag,NO,2021-04-04 17:56:14,70.8578,29.0864,33.8,93,75,5.75
112,Ashland,US,2021-04-04 17:56:14,40.8167,-82.2665,64.99,42,19,5.01
113,Semirom,IR,2021-04-04 17:56:14,31.4167,51.5667,44.56,34,0,4.59
114,Rio Gallegos,AR,2021-04-04 17:56:05,-51.6226,-69.2181,42.8,75,75,10.36
115,Kattivakkam,IN,2021-04-04 17:56:15,13.2167,80.3167,84.2,79,20,6.91
116,Luderitz,NA,2021-04-04 17:56:15,-26.6481,15.1594,72.43,64,0,19.28
117,Wroclaw,PL,2021-04-04 17:53:21,51.1,17.0333,44.6,49,0,5.75
118,Port Alfred,ZA,2021-04-04 17:56:16,-33.5906,26.891,66.2,86,0,12.57
119,Ostrovnoy,RU,2021-04-04 17:56:16,68.0531,39.5131,32.09,88,100,19.84
120,Plavinas,LV,2021-04-04 17:56:17,56.6178,25.7255,38.23,74,86,10.47
121,Hilo,US,2021-04-04 17:56:17,19.7297,-155.09,69.8,83,20,4.61
122,High Rock,BS,2021-04-04 17:56:17,26.6208,-78.2833,71.6,43,40,13.8
123,Kutum,SD,2021-04-04 17:56:18,14.2,24.6667,76.78,13,25,11.01
124,Itarantim,BR,2021-04-04 17:56:18,-15.6597,-40.0656,77.94,83,84,8.1
125,Puri,IN,2021-04-04 17:56:18,19.8,85.85,78.94,86,34,11.36
126,Codrington,AU,2021-04-04 17:56:19,-38.2667,141.9667,57.61,66,89,8.57
127,Micheweni,TZ,2021-04-04 17:56:19,-4.9667,39.8333,81.81,76,55,9.93
128,Kaset Sombun,TH,2021-04-04 17:56:19,16.2805,101.9542,74.95,86,100,2.86
129,Hobart,AU,2021-04-04 17:56:20,-42.8794,147.3294,55.99,67,40,8.05
130,Nouadhibou,MR,2021-04-04 17:56:20,20.931,-17.0347,71.6,64,79,20.71
131,Ishigaki,JP,2021-04-04 17:56:21,24.3448,124.1572,67.89,72,100,27.16
132,Port Elizabeth,ZA,2021-04-04 17:56:21,-33.918,25.5701,66.2,82,75,20.71
133,Laurel,US,2021-04-04 17:56:21,39.0993,-76.8483,68.0,30,1,11.5
134,Padang,ID,2021-04-04 17:56:22,-0.9492,100.3543,75.2,88,20,2.3
135,Kralendijk,BQ,2021-04-04 17:56:22,12.15,-68.2667,86.0,66,40,20.71
136,Hovd,MN,2021-04-04 17:56:22,48.0056,91.6419,32.02,23,43,0.18
137,Santa Vitoria,BR,2021-04-04 17:56:23,-18.8386,-50.1214,89.28,29,91,8.12
138,Bedzin,PL,2021-04-04 17:56:23,50.3261,19.1257,39.2,52,20,5.75
139,Vilhena,BR,2021-04-04 17:56:24,-12.7406,-60.1458,82.4,69,40,10.36
140,Marystown,CA,2021-04-04 17:56:24,47.1666,-55.1483,44.17,91,99,16.89
141,Okha,RU,2021-04-04 17:56:24,53.5739,142.9478,9.81,81,14,13.96
142,Mustasaari,FI,2021-04-04 17:56:25,63.1142,21.6822,39.2,75,90,8.05
143,Portland,US,2021-04-04 17:56:13,45.5234,-122.6762,55.0,62,75,10.36
144,New Norfolk,AU,2021-04-04 17:56:25,-42.7826,147.0587,55.99,67,98,1.99
145,Faya,SA,2021-04-04 17:56:26,18.3851,42.4509,71.6,49,0,9.22
146,Marsa Matruh,EG,2021-04-04 17:56:26,31.3525,27.2453,71.33,38,2,10.56
147,Henties Bay,NA,2021-04-04 17:56:26,-22.116,14.2845,68.0,81,3,5.99
148,Bengkulu,ID,2021-04-04 17:56:27,-3.8004,102.2655,76.44,87,100,8.97
149,Bolu,TR,2021-04-04 17:56:27,40.6667,31.5833,47.98,80,75,6.35
150,Actopan,MX,2021-04-04 17:56:27,20.2667,-98.9333,67.48,27,18,7.4
151,Novaya Bryan,RU,2021-04-04 17:56:28,51.7159,108.2691,33.8,86,75,6.71
152,Boende,CD,2021-04-04 17:56:28,-0.2167,20.8667,75.0,86,97,2.39
153,Kurilsk,RU,2021-04-04 17:56:28,45.2333,147.8833,30.09,78,100,8.72
154,Rawson,AR,2021-04-04 17:56:29,-43.3002,-65.1023,85.15,25,21,19.64
155,Fukue,JP,2021-04-04 17:56:29,32.6881,128.8419,55.33,72,91,32.01
156,Tisul,RU,2021-04-04 17:56:29,55.7611,88.3122,32.79,96,98,4.81
157,San Patricio,US,2021-04-04 17:56:30,28.017,-97.5169,77.0,64,75,13.8
158,Gotsu,JP,2021-04-04 17:53:27,35.0,132.2167,49.42,81,100,16.91
159,Saldanha,ZA,2021-04-04 17:56:30,-33.0117,17.9442,68.0,77,52,13.8
160,Clyde River,CA,2021-04-04 17:56:31,70.4692,-68.5914,-9.4,77,1,5.75
161,Saskylakh,RU,2021-04-04 17:56:31,71.9167,114.0833,-26.91,100,25,3.4
162,Raudeberg,NO,2021-04-04 17:56:32,61.9875,5.1352,30.99,93,100,33.82
163,Alice Springs,AU,2021-04-04 17:56:32,-23.7,133.8833,59.0,67,0,4.61
164,Tautira,PF,2021-04-04 17:56:32,-17.7333,-149.15,77.0,88,75,15.39
165,Mafinga,TZ,2021-04-04 17:56:33,-7.25,35.0667,70.36,83,99,2.68
166,Saint-Philippe,RE,2021-04-04 17:56:33,-21.3585,55.7679,78.8,73,0,3.44
167,Tumaco,CO,2021-04-04 17:56:33,1.7986,-78.8156,83.21,77,89,10.54
168,Coihaique,CL,2021-04-04 17:56:34,-45.5752,-72.0662,60.8,63,75,3.44
169,Vestmannaeyjar,IS,2021-04-04 17:56:34,63.4427,-20.2734,22.23,49,59,31.23
170,Douglas,US,2021-04-04 17:55:43,41.3,-96.167,79.0,41,1,9.22
171,San Pedro,PH,2021-04-04 17:56:35,14.35,121.0167,82.4,74,20,6.91
172,Havre-Saint-Pierre,CA,2021-04-04 17:56:35,50.2334,-63.5986,37.4,100,90,14.97
173,Columbia,US,2021-04-04 17:55:19,34.0007,-81.0348,73.0,24,1,3.44
174,Vanderhoof,CA,2021-04-04 17:56:36,54.0166,-124.0198,38.97,54,6,8.66
175,Peniche,PT,2021-04-04 17:56:36,39.3558,-9.3811,62.01,73,0,8.99
176,Sao Joao Da Barra,BR,2021-04-04 17:56:36,-21.6403,-41.0511,84.2,54,40,16.11
177,Aranos,NA,2021-04-04 17:56:37,-24.1333,19.1167,83.93,21,18,6.46
178,San Jose,US,2021-04-04 17:55:51,37.3394,-121.895,61.0,54,75,5.75
179,Buala,SB,2021-04-04 17:52:44,-8.145,159.5921,79.54,84,91,1.7
180,Kuopio,FI,2021-04-04 17:56:37,62.8924,27.677,41.0,65,0,11.5
181,Maebaru,JP,2021-04-04 17:56:38,33.55,130.2,54.0,66,90,11.5
182,Abu Kamal,SY,2021-04-04 17:56:38,34.4506,40.9171,68.23,32,0,6.98
183,Los Llanos De Aridane,ES,2021-04-04 17:56:39,28.6585,-17.9182,68.0,60,90,3.44
184,Atambua,ID,2021-04-04 17:56:39,-9.1061,124.8925,73.78,94,100,15.99
185,Amparafaravola,MG,2021-04-04 17:56:39,-17.5833,48.2167,67.08,97,27,2.1
186,Namsos,NO,2021-04-04 17:56:40,64.4662,11.4957,33.8,86,90,14.97
187,Zhigansk,RU,2021-04-04 17:56:40,66.7697,123.3711,-24.68,100,53,5.55
188,Hudson Bay,CA,2021-04-04 17:56:41,52.85,-102.3842,45.21,61,100,10.49
189,Ponta Do Sol,PT,2021-04-04 17:56:41,32.6667,-17.1,64.4,59,75,2.3
190,San Felix,UY,2021-04-04 17:56:41,-32.3333,-58.1333,84.99,46,13,5.99
191,Pevek,RU,2021-04-04 17:56:42,69.7008,170.3133,-15.45,98,94,8.43
192,Constitucion,CL,2021-04-04 17:56:42,-35.3333,-72.4167,63.77,65,24,8.86
193,Sao Felix Do Xingu,BR,2021-04-04 17:56:06,-6.6447,-51.995,88.32,59,31,4.52
194,Touros,BR,2021-04-04 17:56:42,-5.1989,-35.4608,77.0,94,40,16.11
195,High Level,CA,2021-04-04 17:56:43,58.5169,-117.136,32.0,64,75,8.12
196,Angoche,MZ,2021-04-04 17:56:43,-16.2325,39.9086,76.57,87,12,8.43
197,Kemijarvi,FI,2021-04-04 17:56:44,66.7131,27.4306,34.72,95,100,11.52
198,Tiksi,RU,2021-04-04 17:56:44,71.6872,128.8694,-21.06,100,83,4.68
199,La Ronge,CA,2021-04-04 17:56:44,55.1001,-105.2842,37.4,86,90,9.22
200,Mount Gambier,AU,2021-04-04 17:53:04,-37.8333,140.7667,57.2,67,18,8.05
201,Tocopilla,CL,2021-04-04 17:56:45,-22.092,-70.1979,72.14,66,85,8.21
202,Sept-Iles,CA,2021-04-04 17:56:46,50.2001,-66.3821,39.2,41,90,8.05
203,Cascais,PT,2021-04-04 17:52:42,38.6979,-9.4215,68.0,64,0,4.61
204,Sturgis,US,2021-04-04 17:56:46,41.7992,-85.4192,68.0,30,1,6.8
205,Pokrovsk,UA,2021-04-04 17:56:46,48.282,37.1758,38.66,91,100,4.27
206,Khasan,RU,2021-04-04 17:56:47,42.4308,130.6434,38.93,56,0,4.07
207,Pundaguitan,PH,2021-04-04 17:56:47,6.3711,126.1689,81.18,75,73,6.35
208,Waingapu,ID,2021-04-04 17:56:47,-9.6567,120.2641,78.04,83,100,8.99
209,Upernavik,GL,2021-04-04 17:56:48,72.7868,-56.1549,-9.08,79,2,11.54
210,Narsaq,GL,2021-04-04 17:56:48,60.9167,-46.05,39.2,87,90,9.22
211,Price,US,2021-04-04 17:56:09,39.5994,-110.8107,64.4,19,1,9.22
212,Arraial Do Cabo,BR,2021-04-04 17:56:49,-22.9661,-42.0278,84.2,57,40,12.66
213,Birnin Kebbi,NG,2021-04-04 17:56:49,12.4539,4.1975,92.61,9,15,6.78
214,Morros,BR,2021-04-04 17:56:49,-9.4467,-46.3003,88.9,44,17,8.03
215,Boyolangu,ID,2021-04-04 17:56:50,-8.1181,111.8935,74.55,93,96,4.41
216,Mandalgovi,MN,2021-04-04 17:56:50,45.7625,106.2708,35.33,23,36,4.27
217,Tomari,RU,2021-04-04 17:56:50,47.7658,142.0683,30.96,68,1,7.29
218,Port Hardy,CA,2021-04-04 17:56:51,50.6996,-127.4199,42.8,70,40,11.5
219,Vila Velha,BR,2021-04-04 17:56:51,-20.3297,-40.2925,82.4,65,20,16.11
220,Beringovskiy,RU,2021-04-04 17:56:52,63.05,179.3167,-12.3,96,20,5.79
221,Acarau,BR,2021-04-04 17:56:52,-2.8856,-40.12,84.0,73,100,15.46
222,Little Current,CA,2021-04-04 17:56:52,45.9793,-81.9248,53.6,56,41,10.36
223,Parrita,CR,2021-04-04 17:56:53,9.5201,-84.3225,84.99,47,0,19.57
224,Bunia,CD,2021-04-04 17:55:19,1.5667,30.25,69.03,75,90,1.81
225,Sibanicu,CU,2021-04-04 17:56:53,21.235,-77.5264,80.6,41,40,20.71
226,Kelo,TD,2021-04-04 17:56:54,9.3086,15.8066,94.46,14,79,1.86
227,Lorengau,PG,2021-04-04 17:56:54,-2.0226,147.2712,80.19,81,99,5.3
228,Katobu,ID,2021-04-04 17:56:54,-4.9408,122.5276,77.74,89,100,6.15
229,Kudahuvadhoo,MV,2021-04-04 17:56:55,2.6708,72.8944,83.75,74,46,13.89
230,Mocuba,MZ,2021-04-04 17:56:55,-16.8392,36.9856,70.66,90,61,2.48
231,Sembe,CG,2021-04-04 17:56:55,1.6481,14.5806,76.78,73,78,2.64
232,Grindavik,IS,2021-04-04 17:56:56,63.8424,-22.4338,21.2,53,75,20.71
233,Luganville,VU,2021-04-04 17:56:56,-15.5333,167.1667,78.49,87,100,9.55
234,Bousso,TD,2021-04-04 17:56:56,10.4795,16.7117,94.01,13,88,5.64
235,Cockburn Town,TC,2021-04-04 17:54:25,21.4612,-71.1419,77.0,61,75,17.27
236,Mandalgarh,IN,2021-04-04 17:56:57,25.2,75.1,83.28,9,0,4.61
237,Benicarlo,ES,2021-04-04 17:56:57,40.4165,0.4271,57.99,66,4,1.99
238,Bambous Virieux,MU,2021-04-04 17:56:58,-20.3428,57.7575,81.0,75,14,5.99
239,Flinders,AU,2021-04-04 17:56:58,-34.5833,150.8552,64.0,87,2,1.01
240,Hamilton,US,2021-04-04 17:56:58,39.1834,-84.5333,70.0,32,1,6.31
241,Vila,PT,2021-04-04 17:56:59,42.0304,-8.1588,70.0,52,0,6.91
242,Svetlogorsk,BY,2021-04-04 17:56:59,52.6333,29.7333,36.19,72,72,4.81
243,Chabahar,IR,2021-04-04 17:57:00,25.2919,60.643,81.36,62,1,10.69
244,Lakeway,US,2021-04-04 17:57:00,30.3638,-97.9796,68.0,73,75,3.44
245,Bubaque,GW,2021-04-04 17:57:01,11.2833,-15.8333,75.42,73,93,14.36
246,Coolum Beach,AU,2021-04-04 17:57:01,-26.5333,153.1,72.0,96,100,4.0
247,Grootfontein,NA,2021-04-04 17:57:01,-19.5667,18.1167,68.0,77,5,1.14
248,Silver City,US,2021-04-04 17:54:20,32.7701,-108.2803,73.4,25,1,6.91
249,Scarborough,GB,2021-04-04 17:57:02,54.2797,-0.4044,48.99,67,60,4.0
250,Whitehorse,CA,2021-04-04 17:57:02,60.7161,-135.0538,30.0,68,90,20.71
251,Yining,CN,2021-04-04 17:57:03,29.0361,114.5636,53.33,89,100,2.82
252,Turukhansk,RU,2021-04-04 17:57:03,65.8167,87.9833,22.62,94,100,18.3
253,Pisco,PE,2021-04-04 17:57:03,-13.7,-76.2167,77.0,69,0,9.22
254,Chokurdakh,RU,2021-04-04 17:57:04,70.6333,147.9167,-29.06,100,26,4.32
255,Ondjiva,AO,2021-04-04 17:57:04,-17.0667,15.7333,74.03,43,53,4.72
256,Pedernales,DO,2021-04-04 17:57:05,18.0384,-71.744,80.64,67,73,6.71
257,Cermik,TR,2021-04-04 17:57:05,38.1361,39.4493,53.6,47,40,5.75
258,Hambantota,LK,2021-04-04 17:57:05,6.1241,81.1185,79.27,78,99,8.57
259,Mufulira,ZM,2021-04-04 17:57:06,-12.5498,28.2407,63.3,95,23,4.47
260,Port-Gentil,GA,2021-04-04 17:57:06,-0.7193,8.7815,84.2,79,20,11.5
261,Kruisfontein,ZA,2021-04-04 17:57:06,-34.0033,24.7314,66.0,80,8,5.99
262,Victoria,HK,2021-04-04 17:57:07,22.2855,114.1577,73.0,90,97,1.01
263,Georgetown,MY,2021-04-04 17:53:06,5.4112,100.3354,84.99,83,20,4.45
264,Fortuna,US,2021-04-04 17:57:07,40.5982,-124.1573,53.01,87,90,4.61
265,Patamundai,IN,2021-04-04 17:57:08,20.5667,86.5667,76.1,71,37,8.01
266,Alofi,NU,2021-04-04 17:57:08,-19.0595,-169.9187,69.8,100,97,3.44
267,Katsuura,JP,2021-04-04 17:57:08,35.1333,140.3,66.0,97,100,3.0
268,Inuvik,CA,2021-04-04 17:53:22,68.3499,-133.7218,-0.4,85,99,5.75
269,Ingraj Bazar,IN,2021-04-04 17:57:09,25.0,88.15,76.08,42,0,11.41
270,Wagar,SD,2021-04-04 17:57:09,16.1525,36.2032,84.65,26,30,17.67
271,Shimoda,JP,2021-04-04 17:57:10,34.6667,138.95,62.01,100,75,2.3
272,Oksfjord,NO,2021-04-04 17:57:10,70.2396,22.3479,32.0,74,0,2.3
273,Mayo,US,2021-04-04 17:57:10,38.8876,-76.5119,69.01,36,1,12.66
274,Bayan,CN,2021-04-04 17:57:11,46.0833,127.4,44.01,28,6,14.85
275,Moa,CU,2021-04-04 17:57:11,20.6569,-74.9403,74.19,68,84,13.67
276,Bonavista,CA,2021-04-04 17:57:12,48.6499,-53.1147,44.6,87,100,3.44
277,Neuquen,AR,2021-04-04 17:54:18,-38.9516,-68.0591,82.4,51,0,2.3
278,Tezu,IN,2021-04-04 17:57:12,27.9167,96.1667,71.67,32,27,5.44
279,Eydhafushi,MV,2021-04-04 17:57:13,5.1033,73.0708,84.25,70,45,12.26
280,Saint-Joseph,RE,2021-04-04 17:57:13,-21.3667,55.6167,78.8,73,0,3.44
281,Puerto Carreno,CO,2021-04-04 17:56:52,6.189,-67.4859,92.01,46,64,1.92
282,Yongan,CN,2021-04-04 17:57:13,39.6957,113.6871,43.97,48,66,4.54
283,Lavrentiya,RU,2021-04-04 17:57:14,65.5833,-171.0,-7.6,81,99,9.19
284,Tual,ID,2021-04-04 17:57:14,-5.6667,132.75,83.34,72,71,2.35
285,Ternate,ID,2021-04-04 17:57:14,0.8,127.4,80.4,82,100,7.78
286,Black River,JM,2021-04-04 17:57:15,18.0264,-77.8487,84.0,69,75,21.85
287,Calvinia,ZA,2021-04-04 17:57:15,-31.4707,19.776,71.17,51,0,4.99
288,Gboko,NG,2021-04-04 17:57:16,7.3179,8.9951,96.04,23,92,1.95
289,Talaya,RU,2021-04-04 17:57:16,61.3833,152.75,-12.98,100,100,1.81
290,Verkhnevilyuysk,RU,2021-04-04 17:57:16,63.4453,120.3167,-22.41,100,99,2.82
291,Bilibino,RU,2021-04-04 17:56:51,68.0546,166.4372,-22.47,99,73,3.36
292,Vila Franca Do Campo,PT,2021-04-04 17:57:17,37.7167,-25.4333,60.8,94,40,13.8
293,Tezpur,IN,2021-04-04 17:57:17,26.6333,92.8,72.55,30,28,5.68
294,Trani,IT,2021-04-04 17:57:18,41.2727,16.4154,54.0,50,0,10.36
295,Kahului,US,2021-04-04 17:57:18,20.8947,-156.47,69.8,100,40,12.66
296,Ribeira Grande,PT,2021-04-04 17:57:18,38.5167,-28.7,60.8,94,75,18.41
297,Ebolowa,CM,2021-04-04 17:57:19,2.9,11.15,74.52,85,93,2.77
298,Kotdwara,IN,2021-04-04 17:57:19,29.75,78.5333,77.47,12,95,7.14
299,Samarai,PG,2021-04-04 17:57:19,-10.6167,150.6667,82.18,77,97,6.02
300,San Cristobal,VE,2021-04-04 17:56:45,7.7669,-72.225,80.6,89,40,9.22
301,Tabuk,PH,2021-04-04 17:57:20,17.4189,121.4443,71.82,87,10,3.69
302,Alamada,PH,2021-04-04 17:57:20,7.3333,124.5667,75.2,84,96,2.21
303,Pringsewu,ID,2021-04-04 17:57:21,-5.3582,104.9744,74.59,95,100,2.73
304,Doha,QA,2021-04-04 17:57:10,25.2867,51.5333,71.6,46,0,12.66
305,Laguna,US,2021-04-04 17:57:21,38.421,-121.4238,60.01,62,1,4.85
306,Mecca,SA,2021-04-04 17:57:22,21.4267,39.8261,79.32,34,84,7.85
307,Saint-Augustin,CA,2021-04-04 17:57:22,51.226,-58.6502,36.1,99,99,16.11
308,Mehamn,NO,2021-04-04 17:57:22,71.0357,27.8492,33.8,93,75,5.75
309,Namatanai,PG,2021-04-04 17:57:23,-3.6667,152.4333,77.76,85,94,5.66
310,Kautokeino,NO,2021-04-04 17:57:23,69.0125,23.0412,19.06,98,94,3.4
311,Alice Town,BS,2021-04-04 17:57:23,25.7167,-79.3,69.24,60,90,18.32
312,Englehart,CA,2021-04-04 17:57:24,47.8169,-79.8664,50.0,46,1,10.36
313,Cheboksary,RU,2021-04-04 17:57:24,56.1322,47.2519,32.0,74,0,8.95
314,Hami,CN,2021-04-04 17:57:25,42.8,93.45,53.29,17,71,9.26
315,Jurm,AF,2021-04-04 17:57:25,36.8648,70.8342,42.94,98,100,6.55
316,Isangel,VU,2021-04-04 17:57:26,-19.55,169.2667,75.81,74,64,16.46
317,Bereda,ES,2021-04-04 17:57:26,43.2686,-7.5406,55.0,76,5,14.0
318,Itaituba,BR,2021-04-04 17:57:26,-4.2761,-55.9836,89.6,62,20,6.91
319,Japura,ID,2021-04-04 17:57:27,-0.3167,102.35,75.74,87,93,2.64
320,Vardo,NO,2021-04-04 17:57:27,70.3705,31.1107,35.6,87,75,21.85
321,Madisonville,US,2021-04-04 17:57:28,37.3281,-87.4989,70.0,21,1,4.61
322,Barranca,PE,2021-04-04 17:57:28,-10.75,-77.7667,75.11,69,63,10.47
323,Maine-Soroa,NE,2021-04-04 17:57:28,13.2114,12.0241,86.67,9,0,9.44
324,Severo-Kurilsk,RU,2021-04-04 17:57:29,50.6789,156.125,28.24,84,85,13.67
325,Sibu,MY,2021-04-04 17:57:29,2.3,111.8167,78.8,94,40,1.88
326,Vestmanna,FO,2021-04-04 17:57:29,62.1564,-7.1664,23.0,68,75,40.29
327,Santa Helena,BR,2021-04-04 17:57:30,-2.2311,-45.3,81.79,87,92,5.35
328,Tukrah,LY,2021-04-04 17:57:30,32.5341,20.5791,74.46,26,7,14.38
329,Guarapari,BR,2021-04-04 17:57:31,-20.6667,-40.4975,82.4,65,20,16.11
330,Finschhafen,PG,2021-04-04 17:57:31,-6.6024,147.8681,78.85,84,99,2.3
331,Aykhal,RU,2021-04-04 17:57:32,66.0,111.5,-20.67,100,100,5.28
332,Ixtapa,MX,2021-04-04 17:57:32,20.7,-105.2,84.2,48,1,8.05
333,Knysna,ZA,2021-04-04 17:57:32,-34.0363,23.0471,66.2,88,75,5.75
334,Mumford,GH,2021-04-04 17:57:33,5.2618,-0.759,81.86,82,31,11.74
335,Mamallapuram,IN,2021-04-04 17:57:33,12.6264,80.1722,84.2,79,20,6.91
336,Bend,US,2021-04-04 17:52:38,44.0582,-121.3153,55.4,35,1,4.61
337,Pokhara,NP,2021-04-04 17:57:33,28.2333,83.9833,65.89,12,0,8.23
338,Tiznit,MA,2021-04-04 17:57:34,29.5833,-9.5,59.29,66,49,9.98
339,Ukiah,US,2021-04-04 17:57:34,39.1502,-123.2078,57.0,58,40,4.61
340,Hofn,IS,2021-04-04 17:56:41,64.2539,-15.2082,17.24,52,70,14.99
341,Datong,CN,2021-04-04 17:57:35,40.0936,113.2914,45.41,34,80,3.18
342,Saint-Georges,GD,2021-04-04 17:54:06,12.0564,-61.7485,84.2,70,20,20.71
343,Lompoc,US,2021-04-04 17:57:35,34.6391,-120.4579,60.01,71,43,5.75
344,Porto Velho,BR,2021-04-04 17:57:36,-8.7619,-63.9039,84.2,74,75,2.3
345,Sibiti,CG,2021-04-04 17:57:36,-3.6819,13.3499,71.87,95,91,3.0
346,Nueva Germania,PY,2021-04-04 17:57:36,-23.9,-56.5667,96.91,28,80,3.18
347,Sakakah,SA,2021-04-04 17:57:37,29.9697,40.2064,71.6,10,0,4.9
348,Olafsvik,IS,2021-04-04 17:57:37,64.8945,-23.7142,19.9,53,100,19.69
349,Zaysan,KZ,2021-04-04 17:57:37,47.4667,84.8667,41.41,40,0,4.72
350,Enterprise,US,2021-04-04 17:57:38,36.0252,-115.2419,82.99,9,20,8.05
351,Sorland,NO,2021-04-04 17:57:38,67.667,12.6934,33.8,64,75,12.66
352,Kholtoson,RU,2021-04-04 17:57:39,50.2981,103.3097,30.06,71,12,1.59
353,Porbandar,IN,2021-04-04 17:57:39,21.6422,69.6093,80.26,75,0,9.89
354,Rusape,ZW,2021-04-04 17:57:40,-18.5278,32.1284,59.77,80,5,3.98
355,Isla Mujeres,MX,2021-04-04 17:57:40,21.2311,-86.731,82.4,44,40,16.11
356,Kamaishi,JP,2021-04-04 17:57:40,39.2667,141.8833,46.09,93,100,16.17
357,Lambarene,GA,2021-04-04 17:57:41,-0.7001,10.2406,80.76,81,93,3.13
358,Torbay,CA,2021-04-04 17:57:41,47.6666,-52.7314,46.0,93,90,13.8
359,Zhangye,CN,2021-04-04 17:57:42,38.9342,100.4517,47.12,50,30,9.91
360,Batagay-Alyta,RU,2021-04-04 17:57:42,67.8006,130.4114,-17.61,98,100,3.98
361,Goya,AR,2021-04-04 17:57:43,-29.14,-59.2626,87.46,35,35,3.04
362,Nantucket,US,2021-04-04 17:56:54,41.2835,-70.0995,43.99,60,1,13.94
363,Toktogul,KG,2021-04-04 17:57:43,41.8708,72.9402,40.86,96,100,0.43
364,Chenzhou,CN,2021-04-04 17:57:43,25.8,113.0333,53.01,95,100,2.64
365,Sorong,ID,2021-04-04 17:57:44,-0.8833,131.25,81.79,78,60,5.06
366,Nishihara,JP,2021-04-04 17:57:44,26.1842,127.7558,66.2,77,75,20.71
367,Kalmar,SE,2021-04-04 17:57:45,56.6616,16.3616,46.4,66,40,17.27
368,Coruripe,BR,2021-04-04 17:57:45,-10.1256,-36.1756,84.24,64,41,10.78
369,Sinor,IN,2021-04-04 17:57:45,21.9167,73.3333,82.38,56,0,8.34
370,Teguise,ES,2021-04-04 17:57:46,29.0605,-13.564,71.6,49,20,14.97
371,Mangalagiri,IN,2021-04-04 17:57:46,16.4333,80.55,82.38,75,82,5.68
372,Oranjemund,NA,2021-04-04 17:57:18,-28.55,16.4333,63.45,96,25,11.65
373,Ahuimanu,US,2021-04-04 17:57:46,21.4447,-157.8378,69.8,88,90,14.97
374,Port Hawkesbury,CA,2021-04-04 17:57:47,45.6169,-61.3485,43.0,100,90,16.11
375,Lincoln,US,2021-04-04 17:56:11,40.8,-96.667,80.01,42,48,3.0
376,Salvador,SV,2021-04-04 17:55:00,13.8333,-88.9167,93.2,42,0,8.63
377,Randfontein,ZA,2021-04-04 17:57:47,-26.1844,27.702,68.0,64,0,4.61
378,Kysyl-Syr,RU,2021-04-04 17:57:48,63.8986,122.7617,-25.06,99,66,3.4
379,Darnah,LY,2021-04-04 17:57:48,32.767,22.6367,77.18,23,9,25.95
380,North Bend,US,2021-04-04 17:57:49,43.4065,-124.2243,53.01,87,90,8.05
381,Erzin,TR,2021-04-04 17:57:49,36.9559,36.2,61.0,75,14,3.58
382,Norman Wells,CA,2021-04-04 17:54:48,65.282,-126.8329,6.8,66,40,8.05
383,Nome,US,2021-04-04 17:57:49,64.5011,-165.4064,-0.4,78,90,26.46
384,Garissa,KE,2021-04-04 17:57:50,-0.4536,39.6401,87.39,54,77,14.65
385,Acapulco,MX,2021-04-04 17:54:21,16.8634,-99.8901,86.0,62,1,6.91
386,Half Moon Bay,US,2021-04-04 17:57:50,37.4636,-122.4286,59.0,66,90,11.5
387,Ferme-Neuve,CA,2021-04-04 17:57:51,46.7001,-75.4493,50.0,37,53,4.61
388,Huangchuan,CN,2021-04-04 17:57:51,32.1272,115.0394,50.0,60,96,7.78
389,Marawi,PH,2021-04-04 17:57:51,7.9986,124.2928,67.21,94,98,0.63
390,Severo-Yeniseyskiy,RU,2021-04-04 17:57:52,60.3725,93.0408,29.8,97,100,6.91
391,Tadine,NC,2021-04-04 17:57:52,-21.55,167.8833,74.17,67,27,15.88
392,Ahipara,NZ,2021-04-04 17:57:53,-35.1667,173.1667,58.24,86,26,4.56
393,Do Gonbadan,IR,2021-04-04 17:57:53,30.3586,50.7981,66.2,18,0,9.22
394,Utete,TZ,2021-04-04 17:57:53,-7.986,38.758,74.68,94,100,3.49
395,Westfield,US,2021-04-04 17:57:54,42.1251,-72.7495,57.0,26,75,4.61
396,Liberty,US,2021-04-04 17:57:54,31.8335,-81.5004,69.01,26,0,4.61
397,Aleksandrovskiy Zavod,RU,2021-04-04 17:57:54,50.9237,117.9374,30.78,68,23,13.51
398,Hithadhoo,MV,2021-04-04 17:57:55,-0.6,73.0833,83.93,72,79,18.12
399,Aswan,EG,2021-04-04 17:57:55,24.0934,32.907,75.43,7,0,11.56
400,Loandjili,CG,2021-04-04 17:57:56,-4.7561,11.8578,80.89,81,83,9.66
401,Nyaunglebin,MM,2021-04-04 17:57:56,17.95,96.7333,72.61,89,96,3.47
402,Richards Bay,ZA,2021-04-04 17:55:27,-28.783,32.0377,66.43,75,0,4.32
403,Okato,NZ,2021-04-04 17:57:57,-39.2,173.8833,59.0,82,94,5.99
404,Colwyn Bay,GB,2021-04-04 17:57:57,53.2948,-3.7267,50.0,79,34,11.99
405,Kolobrzeg,PL,2021-04-04 17:57:58,54.1757,15.5834,44.01,69,56,19.82
406,Rottingdean,GB,2021-04-04 17:57:58,50.8098,-0.0594,48.99,76,0,17.27
407,Emerald,AU,2021-04-04 17:57:59,-23.5333,148.1667,71.6,83,90,10.36
408,Umba,RU,2021-04-04 17:57:59,66.6871,34.3429,32.67,98,100,13.42
409,Murchison,NZ,2021-04-04 17:57:59,-41.8,172.3333,58.41,99,100,3.09
410,Anadyr,RU,2021-04-04 17:58:00,64.75,177.4833,-11.0,84,0,2.24
411,Pokosnoye,RU,2021-04-04 17:58:00,55.5258,101.0536,27.52,93,96,3.33
412,Avera,US,2021-04-04 17:58:00,33.194,-82.5271,72.0,23,1,11.5
413,Ocampo,MX,2021-04-04 17:58:01,21.65,-101.5,78.01,50,98,5.32
414,Kathmandu,NP,2021-04-04 17:57:10,27.7167,85.3167,57.2,51,20,1.43
415,Deputatskiy,RU,2021-04-04 17:58:01,69.3,139.9,-9.98,99,100,1.3
416,Fayaoue,NC,2021-04-04 17:58:02,-20.65,166.5333,78.33,66,87,24.36
417,Bambari,CF,2021-04-04 17:58:02,5.768,20.6757,86.13,32,52,3.36
418,Chardara,KZ,2021-04-04 17:58:02,41.2547,67.9692,51.85,65,66,8.9
419,Kijang,KR,2021-04-04 17:58:03,35.2442,129.2139,48.2,57,0,18.41
420,Alta Floresta,BR,2021-04-04 17:58:03,-9.8756,-56.0861,93.2,49,40,5.75
421,Belmonte,BR,2021-04-04 17:58:03,-15.8631,-38.8828,86.0,74,75,5.75
422,Lasa,IT,2021-04-04 17:58:04,46.6166,10.7002,62.6,39,0,6.91
423,Riyadh,SA,2021-04-04 17:53:17,24.6877,46.7219,75.2,10,0,12.66
424,Iwanai,JP,2021-04-04 17:58:04,42.9744,140.5089,35.37,68,69,5.3
425,Patea,NZ,2021-04-04 17:58:05,-39.7583,174.4833,60.01,94,98,3.0
426,Koungou,YT,2021-04-04 17:58:05,-12.7336,45.2042,84.2,79,20,8.05
427,Barquisimeto,VE,2021-04-04 17:58:06,10.0739,-69.3228,84.2,54,40,6.91
428,Betare Oya,CM,2021-04-04 17:58:06,5.6,14.0833,85.08,26,100,3.76
429,Umm Lajj,SA,2021-04-04 17:58:06,25.0213,37.2685,74.86,52,1,11.48
430,Esil,KZ,2021-04-04 17:58:07,51.9556,66.4042,33.08,98,100,6.26
431,Itaqui,BR,2021-04-04 17:58:07,-29.1253,-56.5531,85.89,45,91,6.35
432,Uyemskiy,RU,2021-04-04 17:58:07,64.4743,40.8524,35.6,80,90,6.71
433,Ust-Uda,RU,2021-04-04 17:58:08,54.1742,103.0304,24.33,98,100,2.68
434,Rocha,UY,2021-04-04 17:54:26,-34.4833,-54.3333,77.95,55,14,7.94
435,Yerbogachen,RU,2021-04-04 17:58:08,61.2767,108.0108,-15.43,99,68,4.07
436,Gloversville,US,2021-04-04 17:58:09,43.0528,-74.3438,52.0,32,1,5.75
437,Copiapo,CL,2021-04-04 17:58:09,-27.3667,-70.3333,73.4,49,0,4.61
438,Danilovka,RU,2021-04-04 17:58:09,50.3557,44.1168,41.38,57,100,3.51
439,Bairiki,KI,2021-04-04 17:58:10,1.3292,172.9752,81.23,79,8,10.25
440,Domoni,KM,2021-04-04 17:58:10,-12.2569,44.5319,80.85,83,57,7.63
441,Khorixas,NA,2021-04-04 17:58:10,-20.3667,14.9667,82.72,32,7,11.65
442,Horta,PT,2021-04-04 17:58:11,38.5333,-28.6333,60.8,94,75,18.41
443,Waipawa,NZ,2021-04-04 17:58:11,-41.4122,175.5153,64.99,82,75,19.57
444,Svetlyy,RU,2021-04-04 17:58:11,54.675,20.1347,44.6,53,0,8.95
445,El Bagre,CO,2021-04-04 17:58:12,7.5927,-74.8086,88.29,59,99,2.19
446,Cabo San Lucas,MX,2021-04-04 17:53:24,22.8909,-109.9124,89.01,20,1,3.44
447,Snasa,NO,2021-04-04 17:58:12,64.2457,12.3778,33.8,86,90,14.97
448,Sibolga,ID,2021-04-04 17:58:13,1.7427,98.7792,76.86,90,94,1.12
449,Okhotsk,RU,2021-04-04 17:58:13,59.3833,143.3,18.0,97,100,2.13
450,Simbahan,PH,2021-04-04 17:58:13,6.3032,120.5836,81.88,76,96,6.38
451,Sao Miguel Do Araguaia,BR,2021-04-04 17:58:14,-13.275,-50.1628,90.16,49,65,1.43
452,Iranshahr,IR,2021-04-04 17:58:14,27.2025,60.6848,89.6,15,20,4.21
453,Bafq,IR,2021-04-04 17:58:14,31.6128,55.4107,63.18,15,0,9.1
454,Marsh Harbour,BS,2021-04-04 17:58:15,26.5412,-77.0636,67.46,59,95,15.73
455,Nizwa,OM,2021-04-04 17:57:57,22.9333,57.5333,85.48,19,2,8.68
456,Miri,MY,2021-04-04 17:58:15,4.4148,114.0089,75.2,100,40,4.61
457,Shelburne,CA,2021-04-04 17:58:16,44.0787,-80.2041,53.6,35,1,9.22
458,Elizabeth City,US,2021-04-04 17:58:16,36.2946,-76.2511,71.01,30,1,9.22
459,Songadh,IN,2021-04-04 17:58:17,21.1667,73.5667,79.84,63,2,7.07
460,Christchurch,NZ,2021-04-04 17:53:55,-43.5333,172.6333,71.6,35,100,11.5
461,Mahon,ES,2021-04-04 17:58:17,39.8885,4.2658,57.2,82,40,14.97
462,Khartoum,SD,2021-04-04 17:58:17,15.5518,32.5324,89.01,8,6,1.01
463,Guerrero Negro,MX,2021-04-04 17:58:04,27.9769,-114.0611,68.11,60,2,12.68
464,Maumere,ID,2021-04-04 17:58:18,-8.6199,122.2111,77.38,88,100,4.92
465,Springfield,US,2021-04-04 17:58:18,37.2153,-93.2982,71.01,59,1,6.91
466,Earlston,GB,2021-04-04 17:58:19,55.6386,-2.675,48.0,76,100,5.01
467,Palasbari,IN,2021-04-04 17:58:19,26.1361,91.5486,64.4,72,75,2.62
468,La Libertad,EC,2021-04-04 17:58:20,-2.2333,-80.9,80.6,69,0,6.91
469,Phangnga,TH,2021-04-04 17:58:20,8.4509,98.5298,84.99,89,20,2.77
470,Sri Aman,MY,2021-04-04 17:58:20,1.2376,111.4621,78.8,94,71,1.28
471,Shache,CN,2021-04-04 17:58:21,38.4167,77.2406,49.6,43,28,4.59
472,Carthage,TN,2021-04-04 17:58:21,36.8611,10.3316,62.6,72,20,14.97
473,Solnechnyy,RU,2021-04-04 17:58:22,50.7214,136.6319,25.95,56,7,3.29
474,Tura,IN,2021-04-04 17:57:13,25.5198,90.2201,71.65,29,78,2.82
475,Taber,CA,2021-04-04 17:58:22,49.8167,-112.1518,60.8,31,94,18.41
476,Dunedin,NZ,2021-04-04 17:58:22,-45.8742,170.5036,54.0,89,32,1.01
477,Olyka,UA,2021-04-04 17:58:23,50.7186,25.8125,39.99,63,60,1.99
478,Auburn,US,2021-04-04 17:56:27,47.3073,-122.2284,46.99,61,90,13.8
479,Plainview,US,2021-04-04 17:58:24,40.7765,-73.4673,57.99,40,90,5.75
480,Kroya,ID,2021-04-04 17:58:24,-7.6331,109.2461,76.66,90,100,6.53
481,Sarangani,PH,2021-04-04 17:58:24,5.4033,125.4636,83.17,71,81,12.95
482,Barkhan,PK,2021-04-04 17:58:25,29.8977,69.5256,76.62,14,82,1.79
483,Mountain Home,US,2021-04-04 17:57:42,43.133,-115.6912,64.4,24,1,8.05
484,Wajir,KE,2021-04-04 17:58:25,1.7471,40.0573,87.57,51,95,4.45
485,Noumea,NC,2021-04-04 17:58:26,-22.2763,166.4572,77.0,78,0,2.3
486,Amahai,ID,2021-04-04 17:58:26,-3.3333,128.9167,78.69,82,99,3.47
487,San Ignacio,BZ,2021-04-04 17:58:26,17.1561,-89.0714,82.4,57,40,4.61
488,Palasa,IN,2021-04-04 17:58:27,18.7667,84.4167,77.88,88,1,4.81
489,Newport,GB,2021-04-04 17:58:27,51.5877,-2.9984,52.0,74,23,1.99
490,Yamada,JP,2021-04-04 17:58:27,39.4667,141.95,42.13,93,100,16.24
491,Temerloh,MY,2021-04-04 17:58:28,3.4483,102.4176,75.06,97,69,1.16
492,Ust-Tsilma,RU,2021-04-04 17:58:28,65.441,52.1498,20.26,95,61,3.96
493,Prainha,BR,2021-04-04 17:58:28,-1.8,-53.48,88.43,56,91,3.94
494,Yeppoon,AU,2021-04-04 17:58:29,-23.1333,150.7333,73.4,88,90,2.3
495,Belle Fourche,US,2021-04-04 17:58:29,44.6714,-103.8522,73.0,16,1,11.5
496,Ust-Nera,RU,2021-04-04 17:58:30,64.5667,143.2,-0.85,98,100,6.89
497,Tecoanapa,MX,2021-04-04 17:58:30,16.5167,-98.75,85.62,50,0,10.83
498,Meulaboh,ID,2021-04-04 17:58:30,4.1363,96.1285,76.98,87,100,2.13
499,Natal,BR,2021-04-04 17:53:37,-5.795,-35.2094,84.2,79,40,12.66
500,Ust-Maya,RU,2021-04-04 17:58:31,60.4167,134.5333,-16.96,100,55,1.25
501,Acton Vale,CA,2021-04-04 17:56:52,45.6501,-72.5658,51.01,42,55,4.61
502,Daru,PG,2021-04-04 17:58:31,-9.0763,143.2092,76.32,92,76,6.89
503,Rabo De Peixe,PT,2021-04-04 17:58:32,37.8,-25.5833,60.8,94,40,13.8
504,Gulfport,US,2021-04-04 17:58:32,30.3674,-89.0928,70.0,34,1,12.66
505,Sivas,TR,2021-04-04 17:58:33,39.7916,37.0019,44.6,45,40,13.8
506,Susuman,RU,2021-04-04 17:58:33,62.7833,148.1667,-7.65,95,100,3.91
507,Otavi,NA,2021-04-04 17:58:34,-19.65,17.3333,70.59,47,2,4.23
508,Melito Di Porto Salvo,IT,2021-04-04 17:58:34,37.9222,15.7714,59.0,82,75,12.66
509,Mareeba,AU,2021-04-04 17:58:34,-17.0,145.4333,75.2,88,75,5.75
510,Kohlu,PK,2021-04-04 17:58:35,29.8962,69.252,75.74,15,87,0.85
511,Qeshm,IR,2021-04-04 17:58:35,26.9581,56.2719,78.8,69,39,9.22
512,Eureka,US,2021-04-04 17:58:35,40.8021,-124.1637,52.0,75,98,4.92
513,Fort Nelson,CA,2021-04-04 17:58:36,58.8053,-122.7002,41.0,30,20,17.27
514,Joshimath,IN,2021-04-04 17:58:36,30.5667,79.5667,53.65,29,60,6.22
515,Esfahan,IR,2021-04-04 17:58:37,32.6572,51.6776,50.0,12,0,4.61
516,Port Blair,IN,2021-04-04 17:58:37,11.6667,92.75,79.57,76,9,3.83
517,Finote Selam,ET,2021-04-04 17:58:37,10.7,37.2667,72.09,43,45,4.25
518,Auki,SB,2021-04-04 17:58:38,-8.7676,160.7034,78.08,86,94,3.42
519,Kumluca,TR,2021-04-04 17:58:38,36.3703,30.2869,58.64,80,53,1.3
520,Yarmouth,US,2021-04-04 17:58:39,41.7057,-70.2286,55.0,20,1,11.5
521,Yulara,AU,2021-04-04 17:57:37,-25.2406,130.9889,66.2,39,0,5.75
522,Tula,RU,2021-04-04 17:53:55,54.2044,37.6111,30.18,87,21,2.64
523,Inhambane,MZ,2021-04-04 17:58:39,-23.865,35.3833,75.2,64,20,4.61
524,Tuy Hoa,VN,2021-04-04 17:58:40,13.0833,109.3,75.16,89,64,3.06
525,Srivardhan,IN,2021-04-04 17:58:40,18.0333,73.0167,78.62,78,17,5.53
526,Adrar,MR,2021-04-04 17:58:40,20.5022,-10.0711,94.86,11,68,7.94
527,Anori,BR,2021-04-04 17:58:41,-3.7728,-61.6442,84.2,78,100,3.49
528,Cape Coast,GH,2021-04-04 17:55:18,5.1053,-1.2466,81.95,82,36,12.44
529,Beboto,TD,2021-04-04 17:58:41,8.2668,16.939,94.19,21,98,1.83
530,Nelson Bay,AU,2021-04-04 17:58:42,-32.7167,152.15,68.0,94,99,8.48
531,Gazli,UZ,2021-04-04 17:58:42,40.1333,63.45,52.86,46,50,8.84
532,Praia,CV,2021-04-04 17:58:42,14.9215,-23.5087,89.6,23,0,18.41
533,Srednekolymsk,RU,2021-04-04 17:58:43,67.45,153.6833,-15.59,100,62,5.93
534,Mitsamiouli,KM,2021-04-04 17:58:43,-11.3847,43.2844,83.1,73,89,5.17
535,Poum,NC,2021-04-04 17:58:44,-20.2333,164.0167,78.6,78,98,22.64
536,College,US,2021-04-04 17:58:44,64.8569,-147.8028,33.8,86,90,6.91
537,Palmer,US,2021-04-04 17:58:45,42.1584,-72.3287,55.99,24,20,3.44
538,Madimba,TZ,2021-04-04 17:58:45,-10.4,40.3333,78.8,89,40,9.22
539,Goderich,CA,2021-04-04 17:58:45,43.7501,-81.7165,42.8,75,14,8.05
540,Alpena,US,2021-04-04 17:58:46,45.0617,-83.4327,57.2,33,1,8.05
541,Esik,KZ,2021-04-04 17:58:46,43.3552,77.4525,55.4,38,75,11.18
542,Nenita,PH,2021-04-04 17:58:46,12.4917,124.8044,77.65,82,85,5.84
543,Loksa,EE,2021-04-04 17:58:47,59.5764,25.7214,41.0,52,0,18.41
544,Teguldet,RU,2021-04-04 17:58:47,57.3064,88.1667,29.17,97,100,2.89
545,Malya,TZ,2021-04-04 17:58:48,-2.9833,33.5167,68.7,83,99,3.71
546,La Union,PE,2021-04-04 17:58:48,-5.4,-80.75,88.75,43,42,11.34
547,Batticaloa,LK,2021-04-04 17:58:48,7.7102,81.6924,79.59,83,9,7.11
548,Gornopravdinsk,RU,2021-04-04 17:58:49,60.05,69.9,33.67,93,98,8.72
549,Karratha,AU,2021-04-04 17:58:49,-20.7377,116.8463,82.83,46,2,6.6
550,Ayan,RU,2021-04-04 17:58:49,56.45,138.1667,4.75,78,2,9.8
551,Tungor,RU,2021-04-04 17:58:50,53.3808,142.9564,11.44,76,13,13.78
552,Imeni Poliny Osipenko,RU,2021-04-04 17:58:50,52.4201,136.4853,25.47,62,2,0.25
